song-name;artist
Van Jou;Paul Sinha
Quit (feat. Ariana Grande);Cashmere Cat
Pure Imagination;Fiona Apple
So Far Away;Staind
Forget It;Breaking Benjamin
In Common;Alicia Keys
Where's My Love;SYML
What Lovers Do (feat. SZA);Maroon 5
How Long;Charlie Puth
Reggaetón Lento(Bailemos);CNCO
Havana (feat. Young Thug);Camila Cabello
New Rules;Dua Lipa
Friends (with BloodPopⓇ);Justin Bieber
Zij Weet Het;Glen Faria
Lit;Calibre
Missing You;Boston Bun
I Ain't the One;Spoon
Gassed - Yung Bae Remix;WESLEE
Happy When - Miko Waye Remix;Caitlyn Scarlett
Tijdmachine;Ruben Annink
Homesick,Dua Lipa
I'm a Rebel Just For Kicks;Dunez
More Than A Woman;Faustix
Sweetest Life;KWAYE
XTC;James Watts
Your Touch;Klyne
Make It Up To You;Julia Michaels
Catch Up;Josylvio
Strangest Of Ways;Lucy Rose
I Miss You (feat. Julia Michaels) - Acoustic Piano;Clean Bandit
Space For Two;Mr. Probz
Nevermind;Dennis Lloyd
Naked;Will Heard
Youngblood;5 Seconds of Summer
On the Low;Tove Stryke
Down;Marian Hil
You Must Love Me - From "Evita";Lana Del Rey
Light at the End of the Tunnel;Cloud Cult
Farrat Fawcett Hair;Capital Cities
Let Me Down Slowly;Alec Benjamin